-- --------------------------------------------------------
-- Host:                         roundhouse.proxy.rlwy.net
-- Server version:               PostgreSQL 16.0 (Debian 16.0-1.pgdg120+1) on x86_64-pc-linux-gnu, compiled by gcc (Debian 12.2.0-14) 12.2.0, 64-bit
-- --------------------------------------------------------

-- Dumping structure for table public.Animal
CREATE TABLE IF NOT EXISTS "Animal" (
	"id" SERIAL PRIMARY KEY,
	"name" TEXT NOT NULL,
	"latinName" TEXT,
	"characteristics" TEXT,
	"habitat" TEXT,
	"foodType" TEXT,
	"uniqueBehavior" TEXT,
	"gestationPeriod" TEXT,
	"imageUrl" TEXT,
	"distribution" TEXT,
	CONSTRAINT "Animal_name_key" UNIQUE ("name")
);

-- Dumping structure for table public.Users
CREATE TABLE IF NOT EXISTS "Users" (
	"id" UUID PRIMARY KEY,
	"fullName" TEXT NOT NULL,
	"email" TEXT NOT NULL,
	"noHp" TEXT NOT NULL,
	"password" TEXT NOT NULL,
	"role" TEXT NOT NULL DEFAULT 'MASYARAKAT',
	"createdAt" TIMESTAMP NOT NULL DEFAULT CURRENT_TIMESTAMP,
	"updatedAt" TIMESTAMP NOT NULL,
	CONSTRAINT "Users_email_key" UNIQUE ("email")
);

-- Dumping structure for table public.Report
CREATE TABLE IF NOT EXISTS "Report" (
	"id" SERIAL PRIMARY KEY,
	"userId" UUID NOT NULL,
	"animalId" INTEGER NOT NULL,
	"title" TEXT NOT NULL,
	"imageUrl" TEXT,
	"location" TEXT NOT NULL,
	"desc" TEXT,
	"createdAt" TIMESTAMP NOT NULL DEFAULT CURRENT_TIMESTAMP,
	"updatedAt" TIMESTAMP NOT NULL,
	"deletedAt" TIMESTAMP,
	"animalCount" INTEGER NOT NULL,
	CONSTRAINT "Report_animalId_fkey" FOREIGN KEY ("animalId") REFERENCES "Animal" ("id") ON UPDATE CASCADE ON DELETE RESTRICT,
	CONSTRAINT "Report_userId_fkey" FOREIGN KEY ("userId") REFERENCES "Users" ("id") ON UPDATE CASCADE ON DELETE RESTRICT
);

-- Dumping structure for table public.EstimationAmount
CREATE TABLE IF NOT EXISTS "EstimationAmount" (
	"id" SERIAL PRIMARY KEY,
	"area" TEXT,
	"year" TEXT,
	"total" TEXT,
	"animalId" INTEGER NOT NULL,
	CONSTRAINT "EstimationAmount_animalId_fkey" FOREIGN KEY ("animalId") REFERENCES "Animal" ("id") ON UPDATE CASCADE ON DELETE RESTRICT
);

-- Dumping structure for table public.Contact
CREATE TABLE IF NOT EXISTS "Contact" (
	"id" SERIAL PRIMARY KEY,
	"address" TEXT NOT NULL,
	"phone" TEXT NOT NULL,
	"fax" TEXT NOT NULL,
	"email" TEXT NOT NULL,
	"instagram" TEXT,
	"facebook" TEXT
);

-- Dumping data for table public.Animal
INSERT INTO "Animal" ("id", "name", "latinName", "characteristics", "habitat", "foodType", "uniqueBehavior", "gestationPeriod", "imageUrl", "distribution") VALUES
	(4, 'Beruang Madu', 'Helarctos malayanus euryspilus', 'Macan dahan memiliki ciri khas berupa bulu berwarna kecoklatan hingga hitam dengan belang-belang atau bintik-bintik gelap yang tersusun secara vertikal. Mereka memiliki ekor yang panjang dan tebal serta tubuh yang kekar dan berotot. Macan dahan juga memiliki taring yang besar dan kuat, cocok untuk menangkap mangsa mereka.', 'Beruang madu Kalimantan menghuni hutan-hutan tropis lebat di Pulau Kalimantan, yang mencakup wilayah Indonesia, Malaysia, dan Brunei Darussalam. Mereka juga ditemukan di hutan rawa-rawa, hutan hujan, dan hutan dataran rendah.', 'Beruang madu adalah hewan omnivora, yang berarti mereka memakan berbagai jenis makanan, termasuk buah-buahan, madu, serangga, madu lebah, dan tumbuhan lainnya. Mereka juga kadang-kadang memangsa mamalia kecil, seperti tikus dan kelinci.', 'Beruang madu Kalimantan adalah hewan yang pemalu dan biasanya menghindari kontak dengan manusia. Mereka sering kali aktif pada malam hari (nokturnal) dan biasanya menjalani kehidupan soliter, kecuali selama masa kawin atau ketika bersama anak-anak mereka. Beruang madu juga dikenal sebagai pendaki pohon yang cekatan, sering kali memanjat pohon untuk mencari makanan atau mencari tempat berlindung.', 'masa kehamilan diperkirakan berlangsung sekitar 95-165 hari', '1716888131195_b0f1a156-3265-490a-9d28-73b6fdca123d.png', 'Mereka tersebar di hutan-hutan dataran rendah, hutan pegunungan, hutan rawa-rawa, dan hutan hujan tropis di Kalimantan Barat, Kalimantan Timur, Kalimantan Tengah, dan Kalimantan Selatan.'),
	(5, 'Belangkas', 'Decapoda Brachyura', 'Belangkas memiliki ciri khas berupa tubuh yang dilapisi cangkang keras yang disebut sebagai eksoskeleton. Tubuh mereka terdiri dari dua bagian utama: cephalothorax (kepala dan dada yang digabungkan) dan abdomen. Mereka memiliki sepasang cakar yang kuat untuk menangkap mangsa dan melindungi diri dari predator. Beberapa jenis belangkas juga memiliki kemampuan untuk merobohkan mangsanya dengan melepaskan cakar mereka.', 'Belangkas dapat ditemukan di berbagai habitat laut dan air tawar di seluruh dunia. Mereka biasanya tinggal di dasar laut, tetapi beberapa spesies juga dapat ditemukan di air payau atau air tawar.', 'Belangkas adalah hewan omnivora, yang berarti mereka memakan berbagai jenis makanan. Diet mereka terdiri dari berbagai sumber makanan, termasuk ikan kecil, moluska, invertebrata, tumbuhan, dan serasah organik.', 'Belangkas adalah hewan yang aktif secara malam dan memiliki perilaku teritorial. Mereka sering berkeliaran di dasar laut atau di sekitar karang mencari makanan. Beberapa spesies dapat bermigrasi dalam jumlah besar untuk tujuan kawin atau mencari habitat yang lebih baik.', 'Proses reproduksi pada belangkas dimulai dengan pemijahan, di mana betina melepaskan telurnya ke dalam air. Telur-telur tersebut kemudian akan mengalami perkembangan embrio di lingkungan air sebelum menetas menjadi larva. Larva-larva tersebut akan menjalani serangkaian tahap perkembangan sebelum bermetamorfosis menjadi individu dewasa.', '1716887673434_0b0ddc5c-e887-4733-9432-7df7ec89ac26.png', 'Belangkas tersebar di berbagai habitat air, termasuk lautan, perairan payau, dan air tawar di seluruh dunia. Mereka dapat ditemukan di semua jenis perairan dari wilayah tropis hingga kutub'),
	(1, 'Lutung Dahi Putih', 'Trachypithecus auratus', 'Lutung dahi putih memiliki tubuh yang ramping dengan rata-rata panjang tubuh sekitar 42-55 cm, serta ekor panjang sekitar 50-75 cm. Bulu-bulunya umumnya berwarna hitam keabu-abuan dengan wajah yang menonjol karena adanya warna putih di dahi dan pipi.', 'Lutung dahi putih banyak ditemukan di hutan-hutan primer dan sekunder di Pulau Jawa, Indonesia. Mereka juga dapat dijumpai di tepi hutan dan wilayah agraris. Ada beberapa dipulau luar Jawa cuman populasinya sangat sedikit.', 'Lutung dahi putih adalah hewan herbivora, yang berarti makanannya terutama terdiri dari daun, buah-buahan, dan tunas-tunas tumbuhan. Mereka juga dapat memakan bunga dan biji-bijian.', 'Lutung dahi putih adalah hewan yang aktif pada siang hari (diurnal). Mereka sering bergerombol dan melakukan aktivitas sosial seperti menjaga kebersihan bulu dan saling grooming.', 'Masa kehamilan biasanya berlangsung sekitar 6 bulan, dan biasanya melahirkan satu anak per   kelahiran.', '1718026730695_9d8a1978-ae25-47d1-98c6-9016ddb809a5.jpeg', 'Sebagian besar populasi lutung dahi putih berada di hutan-hutan di Pulau Jawa. Namun, mereka juga dapat ditemukan di wilayah-wilayah di luar Pulau Jawa, seperti di Kalimantan dan wilayah agraris.'),
	(8, 'Burung Kuntul', 'Egretta thula', 'Mereka memiliki karakteristik fisik yang khas, seperti leher panjang, kaki yang panjang dan ramping, serta paruh yang tajam', 'Burung Kuntul biasanya ditemukan di daerah berair seperti rawa-rawa, danau, sungai, muara sungai, dan pesisir pantai. Mereka lebih suka habitat yang memiliki vegetasi air yang cukup, seperti rumput air atau tumbuhan air lainnya, karena ini menyediakan tempat bersembunyi dan sumber makanan yang baik.', 'Burung kuntul adalah pemangsa yang terampil dan sebagian besar memakan ikan kecil, katak, udang, serangga air, dan berbagai jenis kecil lainnya.', 'Burung kuntul biasanya aktif pada pagi dan sore hari, meskipun beberapa spesies bersifat nokturnal. Mereka sering ditemukan sendirian atau dalam kelompok kecil, terutama saat mencari makan. Kuntul juga terkenal karena perilaku memanggil yang khas, dengan suara panggilan yang sering kali nyaring atau melengking.', 'Spesies burung memiliki siklus reproduksi yang unik, termasuk periode inkubasi dan perawatan anak-anak. Jadi, periode "kehamilan" tidak relevan dalam konteks burung, dan yang terpenting adalah siklus reproduksi mereka secara keseluruhan.', '1716888726073_69e6d891-1f54-472e-87d8-8b053165f242.png', 'Di daerah berair seperti rawa, danau, sungai, muara sungai, dan pesisir pantai.'),
	(9, 'Kijang Kalimantan', 'Muntiacus atherodes', 'Kijang Kalimantan memiliki ukuran yang kecil hingga sedang, dengan panjang tubuh antara 70 hingga 100 cm dan tinggi bahu sekitar 40 hingga 60 cm. Mereka memiliki bulu berwarna coklat kemerahan hingga coklat tua, dengan bagian perut yang biasanya lebih terang. Kijang Kalimantan memiliki ciri khas berupa taring yang pendek dan rahang bawah yang agak menonjol.', 'Kijang Kalimantan mendiami berbagai jenis habitat di Pulau Kalimantan, termasuk hutan-hutan dataran rendah, hutan pegunungan, hutan rawa-rawa, dan wilayah tepi hutan. Mereka juga dapat ditemukan di daerah perkebunan dan lahan pertanian.', 'Kijang Kalimantan adalah hewan herbivora, yang memakan berbagai jenis tumbuhan seperti daun, pucuk, buah-buahan, dan rebung. Mereka juga terkadang memakan tunas-tunas dan akar-akaran tumbuhan.', 'Kijang Kalimantan adalah hewan yang aktif pada waktu pagi dan sore hari (krepuskular), meskipun juga terkadang terlihat aktif pada malam hari. Mereka cenderung menjalani kehidupan soliter atau hidup berpasangan. Kijang Kalimantan adalah hewan yang pemalu dan hati-hati, sering kali menghindari kontak dengan manusia.', 'Masa kehamilan kijang Kalimantan berlangsung sekitar 210-220 hari.', '1716888854009_032820c5-5201-4ee1-8447-5d7749f8f53f.png', 'Kijang Kalimantan dapat ditemukan di hutan-hutan dataran rendah yang lebat dan beragam. Mereka sering berada di hutan primer maupun sekunder. Di pulau Kalimantan, terdapat juga hutan pegunungan yang menjadi habitat bagi kijang Kalimantan. Mereka dapat ditemukan di wilayah hutan pegunungan yang berada pada ketinggian tertentu. Kijang Kalimantan juga dapat dijumpai di daerah rawa-rawa atau lahan basah yang tergenang air.'),
	(6, 'Binturung', 'Arctictis binturong', 'tubuh yang besar, bulu yang tebal dan panjang, ekor yang panjang, wajah mirip beruang, cakar yang tajam, nokturnal, penciuman dan pendengaran yang tajam, perilaku arboreal soliter, dan karakteristik bau khas', 'Binturung Kalimantan biasanya ditemukan di hutan-hutan primer, hutan sekunder, dan daerah hutan rawa. Mereka juga bisa ditemui di dekat sungai atau danau.', 'Binturung adalah omnivora, yang berarti mereka memakan berbagai jenis makanan. Diet mereka terdiri dari buah-buahan, dedaunan, serangga, mamalia kecil, burung, telur, dan kadang-kadang ikan.', 'Binturung adalah hewan nokturnal, yang berarti mereka aktif pada malam hari. Mereka biasanya beristirahat di siang hari dan mencari makan di malam hari. Meskipun demikian, mereka juga dapat terlihat aktif di siang hari terutama ketika sedang mencari makanan.', 'Periode kehamilan berlangsung sekitar 90-91 hari', '1716888339748_df7ff184-c12a-4844-8a2c-4020a0241992.png', 'sebaran binturung di Kalimantan terutama terkonsentrasi di hutan-hutan primer dan sekunder di seluruh pulau. Mereka juga ditemukan di taman-taman nasional dan kawasan konservasi lainnya di Kalimantan. Populasi binturung di Kalimantan, seperti yang disebutkan sebelumnya, menghadapi tekanan dari aktivitas manusia seperti deforestasi, perusakan habitat, dan perburuan ilegal.'),
	(7, 'Putri Bayu (kukang)', 'Nycticebus borneanus lyon', 'Kukang memiliki wajah bulat dengan mata besar dan bulu lebat yang berwarna abu-abu atau cokelat. Mereka memiliki ekor pendek atau tidak ada sama sekali. Salah satu ciri khas kukang adalah kelenjar racun di dalam siku mereka yang mereka gunakan untuk mempertahankan diri. Racun ini bisa menyebabkan iritasi atau reaksi alergi pada manusia.	', 'Kukang biasanya ditemukan di hutan-hutan dataran rendah, hutan rawa, dan daerah-daerah berkabut di Kalimantan. Mereka menghabiskan sebagian besar hidup mereka di pepohonan, jarang turun ke tanah.', 'memakan buah-buahan, nektar, dan serangga dan dedaunan.', 'Gerak lambat dan nokturnal', 'masa kehamilannya sekitar 190 hari ', '1716889818246_721cd835-1919-4690-bd75-1c13bfb1c7b6.png', 'Sebaran bekantan dapat ditemukan di pulau Kalimantan, yang terbagi menjadi provinsi-provinsi Kalimantan Barat, Kalimantan Tengah, Kalimantan Selatan, dan Kalimantan Timur.'),
	(3, 'Bekantan', 'Nasalis Larvatus', 'Hidung panjang besar, bulu berwarna coklat keemasan dan memiliki muka yang	 cenderung besar', 'Bekantan adalah hewan yang hidup di hutan hujan tropis, terutama di wilayah rawa-rawa, daerah tepi sungai, dan daerah pantai. Mereka lebih suka berada di wilayah-wilayah tersebut karena menyediakan sumber makanan yang melimpah dan tempat berlindung yang aman.', 'Bekantan adalah hewan herbivora yang makanannya terutama terdiri dari daun, buah, dan tunas-tunas pohon. Mereka juga dapat memakan bunga, kulit kayu, dan kadang-kadang serangga.', 'Bekantan adalah hewan arboreal yang menghabiskan sebagian besar waktunya di atas pohon. Mereka bersifat sosial dan hidup dalam kelompok yang terdiri dari beberapa ekor hingga puluhan individu. Kelompok-kelompok ini terdiri dari satu jantan dewasa, beberapa betina, dan anak-anak mereka.', 'masa kehamilannya sekitar 166 hari atau 5-6 bulan dan hanya melahirkan hanya 1  ekor anak', '1716887547857_81f5072e-d398-4828-a277-7a108e891cac.png', 'Sebaran bekantan dapat ditemukan di pulau Kalimantan, yang terbagi menjadi provinsi-provinsi Kalimantan Barat, Kalimantan Tengah, Kalimantan Selatan, dan Kalimantan Timur.'),
	(2, 'Ayam Hutan', 'Gallus gallus bankiva', 'Ayam hutan Kalimantan memiliki tubuh yang relatif kecil dengan panjang sekitar 55–70 cm dan berat antara 1 hingga 2 kg. Mereka memiliki bulu berwarna coklat kemerahan yang berkerlap-kerlip, dengan jambul dan bulu ekor yang panjang. Jantan biasanya memiliki warna yang lebih cerah dan pola yang lebih mencolok daripada betina.', 'Ayam hutan Kalimantan biasanya mendiami hutan-hutan primer dan sekunder, serta hutan hujan dataran rendah. Mereka juga dapat ditemukan di daerah-daerah perbukitan dengan vegetasi yang lebat.', 'Ayam hutan Kalimantan adalah hewan omnivora, yang berarti mereka memakan berbagai jenis makanan, termasuk biji-bijian, buah-buahan, serangga, cacing, dan kadang-kadang juga reptil kecil dan amfibi.', 'Ayam hutan Kalimantan umumnya bersifat arboreal, yang berarti mereka lebih suka tinggal di atas pohon dan membangun sarang di sana. Mereka biasanya aktif pada pagi dan sore hari, sementara pada siang hari mereka cenderung beristirahat di tempat yang terlindung.', 'Mereka biasanya akan bertelur dalam suatu siklus, dengan jeda antara setiap periode bertelur. Di alam liar, ini bisa berlangsung sekitar 20-30 hari.', '1716887433895_89351698-b812-4f81-9fe0-784013ba8c3e.png', 'Ayam hutan tersebar di seluruh pulau Kalimantan, yang terbagi menjadi lima provinsi di Indonesia, yaitu Kalimantan Barat, Kalimantan Tengah, Kalimantan Selatan, Kalimantan Timur, dan Kalimantan Utara'),
	(10, 'Burung Enggang Kalimantan', 'Rhinoceros hornbill', 'Burung enggang Kalimantan memiliki ukuran yang besar, dengan panjang tubuh mencapai sekitar 90–120 cm dan berat hingga 3,2 kg. Burung ini memiliki ciri khas yang mencolok berupa paruh yang besar dan kokoh yang melengkung, serta tanduk keras yang menonjol di pangkal paruhnya. Bulunya berwarna hitam mengkilap dengan warna putih pada perut dan bagian bawah ekor.', 'Burung enggang Kalimantan adalah hewan endemik di Pulau Kalimantan, yang mencakup wilayah Indonesia, Malaysia, dan Brunei Darussalam. Mereka menghuni hutan-hutan primer dan sekunder di dataran rendah dan dataran tinggi, serta daerah perbukitan.', 'Burung enggang Kalimantan adalah pemakan buah-buahan, serangga, dan kecilnya hewan vertebrata seperti katak, reptil kecil, dan mamalia kecil. Mereka juga dikenal sebagai penyebar biji-bijian penting di hutan-hutan di mana mereka hidup.', 'Burung enggang Kalimantan seringkali terlihat terbang tinggi di langit dengan sayap-sayap lebar mereka. Mereka biasanya hidup dalam kelompok kecil, terutama selama musim kawin dan ketika mencari makanan. Burung enggang juga dikenal dengan suara terompet yang khas saat mereka terbang.', 'masa inkubasi telur biasanya berlangsung sekitar 38-40 hari.', '1716888436396_26e4eb25-0329-4621-90c3-cdf627f6003a.png', 'Burung enggang tersebar luas di sebagian besar wilayah Indonesia, termasuk di Pulau Kalimantan, Sumatera, Jawa, dan bagian-bagian lainnya dari kepulauan Indonesia. Di Kalimantan, mereka dapat ditemukan di hutan-hutan dataran rendah dan pegunungan.'),
	(11, 'Macan Dahan', 'Neofelis diardi', 'Macan dahan memiliki ciri khas berupa bulu berwarna kecoklatan hingga hitam dengan belang-belang atau bintik-bintik gelap yang tersusun secara vertikal. Mereka memiliki ekor yang panjang dan tebal serta tubuh yang kekar dan berotot. Macan dahan juga memiliki taring yang besar dan kuat, cocok untuk menangkap mangsa mereka.', 'Macan dahan biasanya ditemukan di hutan-hutan tropis lebat di Asia Tenggara, termasuk di Indonesia (seperti Sumatera, Kalimantan, dan Jawa), Malaysia, Thailand, dan negara-negara di wilayah Indochina.', 'Macan dahan adalah pemangsa yang kuat dan memakan berbagai jenis mangsa, termasuk monyet, rusa, babi hutan, burung, dan hewan-hewan kecil lainnya. Mereka juga bisa memangsa hewan-hewan yang lebih besar daripada mereka sendiri.', 'Macan dahan biasanya bersifat soliter dan mempertahankan wilayah kekuasaan (territorial). Mereka aktif pada malam hari (nokturnal) dan memiliki kebiasaan berburu di dalam pohon atau di tanah.', 'mereka diperkirakan memiliki masa kehamilan sekitar 90-105 hari. Biasanya, betina akan melahirkan dua atau tiga anak pada setiap kelahiran.', '1716895520444_982497e0-0f8b-4906-bcf6-34c6de776a3d.png', 'Macan dahan Borneo ditemukan di hutan-hutan Kalimantan, yang merupakan bagian dari Indonesia. Namun, populasi macan dahan terancam oleh deforestasi, perburuan ilegal, dan konflik dengan manusia. Perlindungan habitat alaminya dan upaya konservasi yang berkelanjutan sangat penting untuk menjaga keberlangsungan populasi macan dahan di seluruh sebarannya.'),
	(12, 'Pelanduk', 'Tragulus javanicus', 'Pelanduk kancil adalah hewan kecil dengan tubuh yang ramping dan kaki yang relatif pendek. Mereka memiliki bulu yang halus dan pendek, biasanya berwarna coklat keabu-abuan atau merah kecoklatan. Anting mereka relatif kecil dan biasanya tidak terlihat dengan jelas.', 'Pelanduk kancil umumnya mendiami hutan-hutan primer dan sekunder, hutan rawa, serta daerah perbukitan di Kalimantan. Mereka juga dapat ditemukan di sekitar lahan pertanian dan daerah pemukiman manusia.', 'Pelanduk kancil adalah hewan herbivora, yang berarti mereka memakan berbagai jenis tumbuhan seperti dedaunan, pucuk tumbuhan, dan buah-buahan. Mereka juga dikenal akan kebiasaan memakan jamur dan serangga dalam jumlah kecil.', 'Pelanduk kancil adalah hewan nokturnal, yang berarti mereka aktif pada malam hari. Mereka biasanya beristirahat di siang hari di tempat-tempat yang terlindung seperti semak-semak atau lubang-lubang kecil di tanah.', 'Pelanduk kancil biasanya melahirkan satu anak setiap kali melahirkan. Proses reproduksi mereka tidak terlalu dipahami dengan baik, tetapi diyakini bahwa mereka memiliki siklus reproduksi yang mirip dengan hewan-hewan sejenis, di mana betina akan melahirkan setelah masa kehamilan yang singkat.', '1716895999553_ba464966-68c0-4834-adbd-0a9288aff281.png', 'Di Kalimantan, yang merupakan pulau terbesar di Indonesia dan terbagi antara provinsi Kalimantan Barat, Kalimantan Tengah, Kalimantan Selatan, Kalimantan Timur, dan Kalimantan Utara, beberapa jenis pelanduk dapat ditemukan. Sebaran pelanduk di Kalimantan mencakup berbagai tipe habitat, termasuk hutan-hutan primer, hutan sekunder, hutan rawa, perbukitan, serta daerah pedesaan dan perkebunan'),
	(13, 'Penyu hijau', 'Chelonia mydas', 'Penyu hijau memiliki ciri-ciri khas berupa kepala besar dan bercangkang yang agak datar. Kulitnya berwarna hijau keabu-abuan, meskipun warnanya dapat bervariasi tergantung pada tempat atau kondisi lingkungan. Penyu hijau dapat tumbuh hingga sekitar 1,5 meter panjangnya dan beratnya bisa mencapai 200 kilogram atau lebih.', 'Penyu hijau adalah hewan laut yang menghabiskan sebagian besar hidupnya di laut terbuka. Namun, mereka sering berkunjung ke perairan dangkal seperti laguna, terumbu karang, padang lamun, dan estuari untuk mencari makanan.', 'makanan utama penyu hijau adalah tumbuhan laut, seperti alga, lamun, dan rumput laut. Mereka juga dapat memakan ubur-ubur, spons laut, dan sejenisnya.', 'Penyu hijau adalah penjelajah laut yang cenderung bermigrasi jarak jauh. Mereka sering kali melakukan perjalanan antara area makan dan lokasi bertelur, yang mungkin terletak ratusan hingga ribuan kilometer jauhnya.', 'masa kehamilannya sekitar 2-3 tahun. ', '1716896614042_6ce7fc15-2606-41f7-bd6b-806dd213b0cc.jpg', 'Di Kalimantan, penyu hijau dapat ditemukan di sepanjang pantai Kalimantan Timur, Kalimantan Barat, dan Kalimantan Selatan.'),
	(14, 'Trenggiling', 'Pholidota', 'Trenggiling memiliki tubuh yang panjang dan berbentuk silinder dengan ekor yang pendek. Kulit mereka dilindungi oleh sisik-sisik yang keras dan tajam yang terbuat dari keratin, serupa dengan kuku manusia. Sisik-sisik ini membantu melindungi trenggiling dari serangan predator dan juga memberikan perlindungan saat mereka menggali tanah untuk mencari makanan.', 'Trenggiling biasanya ditemukan di hutan-hutan tropis dan subtropis di Asia Tenggara dan Afrika. Mereka menghabiskan sebagian besar waktu mereka di tanah, meskipun mereka juga dapat memanjat pohon.', 'Trenggiling adalah hewan pemakan semut dan rayap.', 'semisal merasa terancam mereka akan menggulungkan diri menjadi bola yang rapat yang dapat memperlihatkan sisik-sisik mereka yang keras', 'masa kehamilannya sekitar 70-140 hari ', '1716896699303_31082812-01f4-4cfc-b516-5fe940df934b.jpg', 'Ada delapan spesies trenggiling yang diakui, dengan empat spesies yang ditemukan di Asia dan empat lainnya ditemukan di Afrika.');

-- Dumping data for table public.Users
INSERT INTO "Users" ("id", "fullName", "email", "noHp", "password", "role", "createdAt", "updatedAt") VALUES
	('e7553f29-c7b0-4e81-8fbb-9272b4e36a41', 'Nirwan Surahman', 'nirwan.surahman@arutmin.com', '+62 2157945678', '$2b$10$GO7C7pt6BTq51JgtKAJ4VeicmFzVLBNODC9U5WnGwWbi5vlIrMmK2', 'MASYARAKAT', '2024-05-27 17:11:26.928', '2024-05-27 17:11:26.928'),
	('f0e6176e-945f-4650-84df-e32488b4fc65', 'Coba', 'coba@coba.com', '0822516607524', '$2b$10$A6RUD0bTJaz4e/mpZQ4Ite4H./bNONDPZNJiiyp6NyHsWolx8OhjO', 'MASYARAKAT', '2024-05-28 13:48:43.725', '2024-05-28 13:48:43.725'),
	('87a48934-9c5d-48d8-b956-f611170bb6ab', 'M Nirwan Surahman', 'mnirwansurahman@gmail.com', '081228384971', '$2b$10$1Xj.9PFG8PJdqv6FsSCbrOOshQjOeYJvC5b6nBl0buTZPwA/jFk5u', 'MASYARAKAT', '2024-05-28 15:33:01.224', '2024-05-28 15:33:01.224'),
	('707e4d44-e091-4355-926b-e31d3f9aab5e', 'Bayu', 'bayu.pratama@arutmin.com', '081224492701', '$2b$10$SYp947XNDaCyQ2Lg7zAd2u0dYV1KSZTMBfpF1rVFfXizFlo9UEUVi', 'MASYARAKAT', '2024-05-28 23:30:07.099', '2024-05-28 23:30:07.099'),
	('62f91876-2e04-4a9e-b3ba-2d53b51c046b', 'Abdi Wahab', 'abdiwahab1610@gmail.com', '085349060333', '$2b$10$0IsrNIShI7haG/lnlcwKsORRHpNh5cpnNTRsjqBJ.TJ62pBBrazwK', 'MASYARAKAT', '2024-05-29 00:53:25.259', '2024-05-29 00:53:25.259'),
	('de6d6aeb-4a91-4e30-8ea8-f8b9a25546d7', 'Rizki Ansyari', 'rizkiansyari19@gmail.com', '081345250829', '$2b$10$b3c7wD3jbP4.xa6mmwcDNe358eb2ykCUbE.c.oC4FDUUEbOBKXFRK', 'MASYARAKAT', '2024-06-18 01:39:52.463', '2024-06-18 01:39:52.463'),
	('c8300245-0655-484e-887a-1e9189894a16', 'Muhammad Isa Daud', 'muhammadisadaud03@gmail.com', '081549124046', '$2b$10$2Zn/Oss8tXPAO1eaBVT4E.j8sm4CYqtn5lINDxu1fxgaJliKou8DC', 'MASYARAKAT', '2024-06-29 02:30:14.71', '2024-06-29 02:30:14.71'),
	('49ff1068-0988-4b35-b56d-431f5354e8bb', 'user', 'user123@gmail.com', '0812345678910', '$2b$10$WuKIcHr5qPxjRJ.R1blCnejG.rwp4c/TZtgvTo5RpVGihcnkMNfSW', 'MASYARAKAT', '2024-06-30 04:13:07.227', '2024-06-30 04:13:07.227'),
	('11788181-596a-4504-ad9e-2a230e16d928', 'Muhamad Amin', 'ahmaz6006@gmail.com', '081256546116', '$2b$10$pI.z9lrIHLE3R7PL35i3leRTA78RlRxLjdscksDq4eDnc8zIqnu4u', 'MASYARAKAT', '2024-07-01 02:34:43.798', '2024-07-01 02:34:43.798'),
	('26319662-a34e-401d-ba35-c8a50e3d22dd', 'Siti Nur Risya', 'snrisya31@gmail.com', '082251973857', '$2b$10$dE7lg5C8ORC15p31eK3l1OnbqyyEDN5kaUD3ZvNhkEv6nMVLynuqC', 'MASYARAKAT', '2024-07-01 02:36:03.604', '2024-07-01 02:36:03.604'),
	('c08642bc-6363-4c6e-9550-18f616fa8a75', 'SALMAN KADRI', 'salmankadri212@gmail.com', '081289455116', '$2b$10$RFmzaJRPcGLwfc.5K/LyJujQixjEHmLZBvqkbzz4Pc7Xl1zAXah1y', 'MASYARAKAT', '2024-07-01 02:39:40.564', '2024-07-01 02:39:40.564'),
	('074f995f-0da9-468c-8219-686d90ae7179', 'Nanang Riduan', 'nanangriduan73@gmail.com', '000811509773', '$2b$10$nSexCJmu4Krgtz/odkcHm.ez39im37MJZ6awn7h0CSF2rPO5lCGL6', 'MASYARAKAT', '2024-07-01 02:43:09.758', '2024-07-01 02:43:09.758'),
	('9ca8cc83-f642-449a-8f16-0e8e6e8feb06', 'Syamsir Alam', 'syamsiralam969@gmail.com', '081349666200', '$2b$10$cz2W9Wk1HYpYuvpX4.y0KuNkEwX7c.YpZDIt/BdrB2cijx98Ao31G', 'MASYARAKAT', '2024-07-01 02:43:48.52', '2024-07-01 02:43:48.52'),
	('d8255a34-88ff-42dd-b19a-9a5d1a0e0dd8', 'aci barliana', 'acibarliana10@gmail.com', '082255794463', '$2b$10$v4M8QJZWI3x1G6osfdeexOL3kxQNI9wIHIqYRIKcYX024E9b9r4b.', 'MASYARAKAT', '2024-07-01 02:45:35.505', '2024-07-01 02:45:35.505'),
	('1e79b21e-8a0b-487c-9090-5d0355471892', 'Erdin Wira Satria', 'erdinsatria77@guru.smp.belajar.id', '085754318114', '$2b$10$MZS3G2fuIzMzOut0d69LJuTcNv7fo9E.OEiCqis/ctQwTNdKd.vXq', 'MASYARAKAT', '2024-07-01 02:45:54.213', '2024-07-01 02:45:54.213'),
	('01326be2-7285-45b3-a160-c80d0aaa0642', 'Ridha Nur Izzati', 'ridhanurizzati@gmail.com', '08125518313', '$2b$10$z2DCCABhE/sFhmJVBEO8jeRzAiF8Hs4CuxZYzzYd4Sj.KfFConJ4i', 'MASYARAKAT', '2024-07-01 02:48:24.974', '2024-07-01 02:48:24.974'),
	('3006ca22-45f8-496b-930a-1cb343bf3a7a', 'fadlyanor', 'fadlyyy9696@gmail.com', '082227050668', '$2b$10$xOBxkn78YRBBx1SMzBJBq.5MhQGBmF7uEWeSDuJUpBSJqcgHA5q0i', 'MASYARAKAT', '2024-07-01 02:49:56.335', '2024-07-01 02:49:56.335'),
	('e886170b-8b59-435f-b590-ba7a4f6c4d3c', 'Aliansyah', 'aliansyah0008@gmail.com', '082153460417', '$2b$10$kaJvZ.C12QA9OXpizChHqeMopID0693D9aMwBzG6fF0MqaVNv6TAC', 'MASYARAKAT', '2024-07-01 02:58:27.569', '2024-07-01 02:58:27.569'),
	('619be13f-3581-4a42-bb36-92de140baa81', 'Ari Maulana', 'arimauana@gmail.com', '085348714971', '$2b$10$VjjGOZEVjE/wJ5qontsyxe6ww1MsttOAd5D7rGiacnoR4jrrvYQWe', 'MASYARAKAT', '2024-07-01 03:08:17.944', '2024-07-01 03:08:17.944'),
	('06024696-c8f2-4afd-9c25-8c5c3262801c', 'Eni wijayanti', 'wijayantieny40@gmail.com', '082153340781', '$2b$10$xBwLg/SVt8LawKen3k2C3OYtc1/bQX.arDoj/IfzRIezVoakJBaDm', 'MASYARAKAT', '2024-07-01 03:15:34.75', '2024-07-01 03:15:34.75');

-- Dumping data for table public.Report
INSERT INTO "Report" ("id", "userId", "animalId", "title", "imageUrl", "location", "desc", "createdAt", "updatedAt", "deletedAt", "animalCount") VALUES
	(1, 'e7553f29-c7b0-4e81-8fbb-9272b4e36a41', 14, 'tes online', '1716900747881_e28410c5-e7fc-466f-ad87-efd55ca930be.jpg', '-1.2120162,116.8541625', 'hewannya dekat sungai, anak dan induk', '2024-05-28 12:52:27.021', '2024-05-28 12:52:28.997', NULL, 2),
	(2, 'e7553f29-c7b0-4e81-8fbb-9272b4e36a41', 2, 'abcd', '1716900800187_b5829e5a-2b30-4ef8-91df-800f665b2759.jpg', '-1.2120289,116.8541661', 'ada ayam hutan dekat rumah warga', '2024-05-28 12:53:19.895', '2024-05-28 12:53:21.135', NULL, 2),
	(3, 'e7553f29-c7b0-4e81-8fbb-9272b4e36a41', 13, 'tes send online', '1716901607259_3fd59934-9948-41a4-af19-d2855f6ab01d.jpg', '-1.2120185,116.8541651', 'tes online', '2024-05-28 13:06:46.895', '2024-05-28 13:06:48.358', NULL, 2),
	(4, 'e7553f29-c7b0-4e81-8fbb-9272b4e36a41', 2, 'tes online baru', '1716901879472_2cefb7f4-3a11-4354-b6a9-31dfcd3db3d7.jpg', '-1.2120242,116.8541563', 'tes onlineeee', '2024-05-28 13:11:18.849', '2024-05-28 13:11:20.458', NULL, 2),
	(5, 'e7553f29-c7b0-4e81-8fbb-9272b4e36a41', 1, 't', '1716902460785_91fd9837-3185-4d37-907d-b53fe4600ddb.jpg', '-7.7879017,110.3950333', 'r', '2024-05-28 13:21:00.041', '2024-05-28 13:21:02.036', NULL, 1),
	(6, 'e7553f29-c7b0-4e81-8fbb-9272b4e36a41', 6, 'test 1', '1716903022371_07feb795-b7df-473f-b201-bb51145145e4.jpg', '-7.7878967,110.3950296', 'ffff', '2024-05-28 13:30:21.721', '2024-05-28 13:30:25.171', NULL, 1),
	(7, 'e7553f29-c7b0-4e81-8fbb-9272b4e36a41', 5, 'test', '1716903726389_0c132dc6-a4e2-4eb6-8f13-f2a9f906843e.jpg', '-7.7878937,110.3950264', 'tr', '2024-05-28 13:42:06.156', '2024-05-28 13:42:07.52', NULL, 1),
	(8, 'e7553f29-c7b0-4e81-8fbb-9272b4e36a41', 4, 'draft ', '1716903815074_d924d4fd-5b30-4ce4-80cf-f41f50d67287.jpg', '-7.7879048,110.3950235', 'test', '2024-05-28 13:43:20.545', '2024-05-28 13:43:36.401', NULL, 1),
	(9, 'f0e6176e-945f-4650-84df-e32488b4fc65', 4, 'laporan 1', '1716904953161_0aafd89d-d9b6-4caf-952c-0af50b2529a2.jpg', '-7.7878823,110.3950341', 'test', '2024-05-28 14:02:32.891', '2024-05-28 14:04:03.697', '2024-05-28 14:04:03.695', 1),
	(11, 'f0e6176e-945f-4650-84df-e32488b4fc65', 6, 'laporan 3', '1716905053062_58690117-aef3-408d-8f91-932bb3c22b52.jpg', '-7.7878827,110.3950314', 'hai hai', '2024-05-28 14:03:48.83', '2024-05-28 14:04:14.161', NULL, 2),
	(12, 'f0e6176e-945f-4650-84df-e32488b4fc65', 8, 'laporan 4', '1716905308172_98392403-23ca-4532-8565-c3fd8a8357d2.jpg', '-7.7879116,110.3950313', 'ffff', '2024-05-28 14:08:19.349', '2024-05-28 14:08:29.296', NULL, 2),
	(10, 'f0e6176e-945f-4650-84df-e32488b4fc65', 9, 'laporan 2', '1716904997222_0fe46343-18bb-4a86-9f85-a40926a40a07.jpg', '-7.7879132,110.3950266', 'hai hau', '2024-05-28 14:03:11.819', '2024-05-28 14:44:41.742', '2024-05-28 14:44:41.741', 2),
	(13, 'f0e6176e-945f-4650-84df-e32488b4fc65', 2, 'laporan 5', '1716907504535_ca41a9f8-fa4b-4eec-906d-d266fd78a586.jpg', '-7.7879295,110.3950211', '12eeee', '2024-05-28 14:45:04.3', '2024-05-28 14:45:05.673', NULL, 1),
	(14, 'f0e6176e-945f-4650-84df-e32488b4fc65', 9, 'laporan 6', '1716907552478_67f531d5-2056-4661-ab21-7c4a125e3842.jpg', '-7.7878875,110.3950306', 'desss', '2024-05-28 14:45:37.847', '2024-05-28 14:45:53.576', NULL, 5),
	(15, 'e7553f29-c7b0-4e81-8fbb-9272b4e36a41', 2, 't', '1716919102073_5546c221-18a6-4aab-ac6f-de29c392e82b.jpg', '', 'ggg', '2024-05-28 17:58:21.767', '2024-05-28 17:58:35.074', '2024-05-28 17:58:35.073', 2),
	(16, 'f0e6176e-945f-4650-84df-e32488b4fc65', 2, 'tes draft', '1717332555702_fef4c1f6-7b03-4048-a447-5db930781577.jpg', '-7.7878939,110.3950332', 'lain lain', '2024-06-02 12:48:58.712', '2024-06-02 12:49:17.103', NULL, 1),
	(17, 'f0e6176e-945f-4650-84df-e32488b4fc65', 8, 'ret', '1717332728435_04953027-b8c6-43ca-97bb-4c0ef296fdf5.jpg', '-7.7879141,110.3950277', '', '2024-06-02 12:52:08.026', '2024-06-02 12:52:09.831', NULL, 1),
	(18, '3006ca22-45f8-496b-930a-1cb343bf3a7a', 3, 'bekantan di pohon ', '1721699048698_25c3a98d-76eb-4b88-8c4f-b02faede2a4c.jpg', '-2.9128406,116.2088658', '', '2024-07-23 01:44:06.773', '2024-07-23 01:45:14.228', NULL, 4),
	(19, '3006ca22-45f8-496b-930a-1cb343bf3a7a', 3, 'bekantan di pohon ', '1721699107252_99414a95-01fc-45a1-b747-47ac9a0469cb.jpg', '-2.9128406,116.2088658', '', '2024-07-23 01:44:18.624', '2024-07-23 01:45:43.561', NULL, 4),
	(20, '9ca8cc83-f642-449a-8f16-0e8e6e8feb06', 1, 'Lutung Dahi Putih di sekitar Dugan Camp', '1721869878463_a40d23ad-38c6-492d-97f7-340870b6ec5b.jpg', '-2.9010804,116.229152', 'Satu kelompok kecil yang terlihat di depan camp dan sempat terlihat juga di atas tiang PLN', '2024-07-25 01:11:18.131', '2024-07-25 01:11:19.221', NULL, 5);
		-- Add other rows as needed ...

-- Dumping data for table public.EstimationAmount
INSERT INTO "EstimationAmount" ("id", "area", "year", "total", "animalId") VALUES
	(1, 'Desa Tamiang Bakung', '2021', '17', 1),
	(2, 'Desa Semilang Dugan Camp', '2021', '13', 1),
	(3, 'Area Reklamasi Pit 8', '2021', '11', 1),
	(4, 'Area Reklamasi Pit Manggis', '2021', '7', 1),
	(5, 'Area Reklamasi Pit Sebuli', '2021', '5', 1),
	(6, 'Desa Sembilang RT 02', '2021', '5', 1),
	(7, 'Desa Mangga', '2021', '8', 1),
	(8, 'Demplot Dahlia', '2021', '5', 1),
	(9, 'Sembilang', '2023', '20', 3),
	(10, 'Air tawar', '2023', '10', 3);

-- Dumping data for table public.Contact
INSERT INTO "Contact" ("id", "address", "phone", "fax", "email", "instagram", "facebook") VALUES
	(1, 'PT Arutmin Indonesia Tambang Senakin Gedung Bakrie Tower Lantai 14 Rasuna Epicentrum Jl. Hr. Rasuna Said, Jakarta 12940', '+62 21 5794 5678', '+62 21 5794 5678', 'nirwan.surahman@arutmin.com', '@arutmin_senakin', '@arutmin_senakin');
